{
    "2018": {
        "best_r2": 0.8932712468513593,
        "best_params": {
            "max_depth": 9,
            "min_child_weight": 9,
            "reg_alpha": 0.015061272179939682,
            "reg_lambda": 0.004073381998996898,
            "gamma": 0.10631214668929373,
            "subsample": 0.6258752392219192,
            "colsample_bytree": 0.824622730101149,
            "learning_rate": 0.044170711819262715,
            "n_estimators": 1728
        }
    },
    "2021": {
        "best_r2": 0.8465438958686342,
        "best_params": {
            "max_depth": 9,
            "min_child_weight": 4,
            "reg_alpha": 0.0015761615390942176,
            "reg_lambda": 0.7797735185606313,
            "gamma": 0.10628983908569992,
            "subsample": 0.7179239252629157,
            "colsample_bytree": 0.8305363697351276,
            "learning_rate": 0.024403227376759536,
            "n_estimators": 1685
        }
    }
}